Samsung Product,Competitor Products,Category
Galaxy S25,"iPhone 16, OnePlus 13, Xiaomi 15, Google Pixel 9, ASUS Zenfone 11",Flagship
Galaxy S25+,"iPhone 16 Plus, OnePlus 13R, Vivo X100, Xiaomi 14 Ultra, Oppo Find X7",Flagship
Galaxy S25 Ultra,"iPhone 16 Pro Max, Xiaomi 14 Ultra, Vivo X100 Pro+, Honor Magic6 Pro, Huawei Pura 70 Ultra",Ultra Flagship
Galaxy S25 Edge,"iPhone 16, Motorola Edge 50 Pro, Vivo V30 Pro, Oppo Reno11 Pro, Xiaomi CIVI 4 Pro",Upper Mid-range
Galaxy Z Fold 7,"OnePlus Open, Google Pixel Fold 2, Xiaomi Mix Fold 4, Huawei Mate X5, Vivo X Fold3 Pro",Foldable
Galaxy Z Flip 7,"Motorola Razr+ 2024, Oppo Find N3 Flip, Huawei Pocket 2, Nubia Flip 5G, Tecno Phantom V Flip",Foldable
Galaxy A36 5G,"Redmi Note 13 5G, Realme Narzo 70 5G, iQOO Z9 5G, Infinix Zero 5G 2023, Lava Blaze 5G",Lower Mid-range
Galaxy A56 5G,"Redmi Note 13 Pro 5G, Realme 12+, Moto G73 5G, Infinix GT 20 Pro, iQOO Z9x",Mid-range
Galaxy S25 FE (Upcoming),"iPhone SE 4 (Expected), Google Pixel 8a, OnePlus Nord 4, Xiaomi 14 Civi, Realme GT 6T",Flagship Lite
Galaxy S25 Slim (Upcoming),"Motorola Edge 50 Fusion, Vivo V30, Xiaomi CIVI 4 Pro, Oppo Reno11, Infinix Zero Ultra",Slim Flagship
Galaxy A17 5G (Upcoming),"Redmi 13C 5G, Realme Narzo 60x, Lava Yuva 5G, Infinix Smart 8 Plus, Itel P55 5G",Budget
Galaxy F35 5G (Upcoming),"Poco X6 Neo, iQOO Z7 5G, Redmi Note 12 5G, Realme Narzo 60 5G, Infinix Zero 5G",Lower Mid-range
Samsung W25 (Upcoming),"Huawei Mate X5 Porsche Design, Xiaomi Mix Fold 4, Honor Magic V3 Ultimate, Vivo X Fold3 Pro, Nubia Z60 Fold",Luxury Foldable
Galaxy A37 5G (Rumored),"Redmi Note 13 4G, Realme C67, Moto G34, Infinix Note 40 5G, Lava Blaze Curve 5G",Budget
Galaxy A57 (Rumored),"iQOO Z9x, Redmi Note 13 Pro+, Realme Narzo 70 Pro, Vivo T3 5G, Motorola Edge 40 Neo",Mid-range
Galaxy F17 5G (Rumored),"Poco M6 Pro, Realme Narzo 60x, Redmi 12 5G, Infinix Zero 30 5G, Tecno Pova 6",Lower Mid-range
Galaxy M37 5G (Rumored),"Redmi Note 13 5G, Realme 12x 5G, iQOO Z9, Infinix GT 10 Pro, Motorola G73",Lower Mid-range
Galaxy S24,"iPhone 15, Google Pixel 8, OnePlus 12R, Xiaomi 14, ASUS Zenfone 10",Flagship
Galaxy S24+,"iPhone 15 Plus, OnePlus 12, Xiaomi 13 Pro, Vivo X90, Realme GT5",Flagship
Galaxy S24 Ultra,"iPhone 15 Pro Max, Xiaomi 14 Ultra, Vivo X100 Pro, Honor Magic6 Pro, Huawei Mate 60 Pro+",Ultra Flagship
Galaxy S24 FE,"iPhone SE 3, Pixel 7a, OnePlus Nord 3, Realme GT 6T, Xiaomi 13 Lite",Flagship Lite
Galaxy F15 5G,"Redmi Note 13 5G, Realme Narzo 60x, iQOO Z9x, Infinix Zero 5G 2023, Lava Blaze 5G",Lower Mid-range
Galaxy A35 5G,"Redmi Note 13 Pro 5G, Realme Narzo 70 Pro 5G, iQOO Z9, Infinix GT 20 Pro, Moto G73 5G",Mid-range
Galaxy A55 5G,"Nothing Phone (2a), Pixel 6a, Poco F5, Vivo V30, Xiaomi CIVI 3",Upper Mid-range
Galaxy M15 5G,"Redmi 13C 5G, Lava Storm 5G, Realme Narzo 60x, Infinix Smart 8 Plus, itel P55 5G",Budget
Galaxy M55 5G,"iQOO Z9, Poco X6, Realme Narzo 70 Pro, Infinix GT 20 Pro, Redmi Note 13 Pro+",Mid-range
Galaxy M35 5G,"Realme 12x 5G, Redmi Note 13 5G, iQOO Z9x, Infinix Zero 30 5G, Lava Blaze Curve 5G",Lower Mid-range
Galaxy A06,"Redmi A3, Realme C53, itel A70, Infinix Smart 8, Lava O2",Entry-level
Galaxy A16,"Redmi 13C, Realme Narzo N53, Infinix Hot 30i, itel P40, Lava Yuva 3",Entry-level
